null,-1,4238.67,4217.47665,-0.6,Sun Jan 18 05:06:19 EST 1970,Sun Jan 18 05:06:27 EST 1970,994.0
,1,4334.0,4312.33,-0.6,Sun Jan 18 05:06:36 EST 1970,Sun Jan 18 05:06:46 EST 1970,988.036
,-1,4184.92,4244.3640000000005,1.3204333655123643,Sun Jan 18 05:07:34 EST 1970,Sun Jan 18 05:07:44 EST 1970,1001.0823570072738
,1,3780.48,3761.5776,-0.6,Sun Jan 18 05:11:55 EST 1970,Sun Jan 18 05:11:57 EST 1970,995.0758628652302
,-1,3535.31,3517.63345,-0.6,Sun Jan 18 05:13:57 EST 1970,Sun Jan 18 05:14:01 EST 1970,989.1054076880388
,1,3726.31,3781.5260000000003,1.3817876129468583,Sun Jan 18 05:14:51 EST 1970,Sun Jan 18 05:14:59 EST 1970,1002.7727436904595
,-1,3911.46,3942.1850000000004,0.6855123150946171,Sun Jan 18 05:17:49 EST 1970,Sun Jan 18 05:18:06 EST 1970,1009.6468743408698
,1,3960.51,3940.7074500000003,-0.6,Sun Jan 18 05:19:00 EST 1970,Sun Jan 18 05:19:10 EST 1970,1003.5889930948246
,-1,3870.46,3895.69,0.5518605023692279,Sun Jan 18 05:19:22 EST 1970,Sun Jan 18 05:19:29 EST 1970,1009.1274043538398
,1,3765.01,3791.9500000000003,0.615535948111687,Sun Jan 18 05:22:44 EST 1970,Sun Jan 18 05:22:51 EST 1970,1015.338946289884
,-1,3700.83,3722.995,0.49891970179662304,Sun Jan 18 05:24:26 EST 1970,Sun Jan 18 05:24:42 EST 1970,1020.4046723329385
,1,3765.65,3908.254,3.6869690491681344,Sun Jan 18 05:25:39 EST 1970,Sun Jan 18 05:25:59 EST 1970,1058.0266767781195
,-1,4051.82,4031.5609,-0.6,Sun Jan 18 05:31:07 EST 1970,Sun Jan 18 05:31:11 EST 1970,1051.6785167174507
,1,4173.79,4302.632,2.986930583474498,Sun Jan 18 05:31:59 EST 1970,Sun Jan 18 05:33:45 EST 1970,1083.0914239731153
,-1,4333.99,4373.485,0.8112849821988489,Sun Jan 18 05:37:00 EST 1970,Sun Jan 18 05:37:06 EST 1970,1091.8783820392928
,1,4319.97,4342.59,0.42361474732463167,Sun Jan 18 05:40:27 EST 1970,Sun Jan 18 05:40:39 EST 1970,1096.5037398884608
,-1,4357.03,4335.24485,-0.6,Sun Jan 18 05:43:05 EST 1970,Sun Jan 18 05:43:36 EST 1970,1089.92471744913
,1,4438.39,4575.107,2.9803286777412445,Sun Jan 18 05:43:40 EST 1970,Sun Jan 18 05:45:29 EST 1970,1122.4080563690566
,-1,4763.96,4740.1402,-0.6,Sun Jan 18 05:48:45 EST 1970,Sun Jan 18 05:48:55 EST 1970,1115.6736080308422
,1,4840.97,4816.76515,-0.6,Sun Jan 18 05:49:00 EST 1970,Sun Jan 18 05:49:17 EST 1970,1108.9795663826571
,-1,5550.01,5585.015,0.5307195842890393,Sun Jan 18 05:54:36 EST 1970,Sun Jan 18 05:54:46 EST 1970,1114.8651381272134
,1,5705.01,5676.48495,-0.6,Sun Jan 18 05:55:50 EST 1970,Sun Jan 18 05:56:12 EST 1970,1108.1759472984502
,-1,5598.23,5627.344999999999,0.42007509516400343,Sun Jan 18 05:57:27 EST 1970,Sun Jan 18 05:57:44 EST 1970,1112.8311184636486
,1,5641.1,5612.8945,-0.6,Sun Jan 18 05:59:47 EST 1970,Sun Jan 18 05:59:55 EST 1970,1106.1541317528668
,-1,5923.14,6040.173000000002,1.8758607765475803,Sun Jan 18 06:04:24 EST 1970,Sun Jan 18 06:04:35 EST 1970,1126.904043238579
,1,5729.1,5762.049999999999,0.4751339651952282,Sun Jan 18 06:09:43 EST 1970,Sun Jan 18 06:09:52 EST 1970,1132.258347103164
,-1,5752.8,5724.036,-0.6,Sun Jan 18 06:12:10 EST 1970,Sun Jan 18 06:12:29 EST 1970,1125.464797020545
,1,5844.98,5815.755099999999,-0.6,Sun Jan 18 06:14:34 EST 1970,Sun Jan 18 06:14:37 EST 1970,1118.7120082384215
,-1,7335.01,7375.1,0.4465568554098788,Sun Jan 18 06:25:49 EST 1970,Sun Jan 18 06:25:55 EST 1970,1123.7076934035038
,1,7396.49,7359.507549999999,-0.6,Sun Jan 18 06:28:39 EST 1970,Sun Jan 18 06:28:54 EST 1970,1116.9654472430827
,-1,7184.03,7229.044999999999,0.5265981628695854,Sun Jan 18 06:30:36 EST 1970,Sun Jan 18 06:31:12 EST 1970,1122.847366768153
,1,6590.0,6766.014999999999,2.5709408194233663,Sun Jan 18 06:36:16 EST 1970,Sun Jan 18 06:36:20 EST 1970,1151.715108060216
,-1,7649.01,7610.76495,-0.6,Sun Jan 18 06:43:07 EST 1970,Sun Jan 18 06:43:11 EST 1970,1144.8048174118546
,1,7815.0,7775.925,-0.6,Sun Jan 18 06:44:24 EST 1970,Sun Jan 18 06:44:35 EST 1970,1137.9359885073834
,-1,8189.0,8148.055,-0.6,Sun Jan 18 06:48:52 EST 1970,Sun Jan 18 06:48:55 EST 1970,1131.108372576339
,1,8298.0,8256.51,-0.6,Sun Jan 18 06:49:08 EST 1970,Sun Jan 18 06:49:18 EST 1970,1124.321722340881
,-1,8130.01,8089.35995,-0.6,Sun Jan 18 06:50:35 EST 1970,Sun Jan 18 06:50:41 EST 1970,1117.5757920068356
,1,8186.53,8242.265000000001,0.5808134826355016,Sun Jan 18 06:52:14 EST 1970,Sun Jan 18 06:52:33 EST 1970,1124.0668228854818
,-1,10486.0,10864.7,3.5114819759679565,Sun Jan 18 07:00:20 EST 1970,Sun Jan 18 07:00:24 EST 1970,1163.538226768941
,1,10315.85,10264.27075,-0.6,Sun Jan 18 07:00:33 EST 1970,Sun Jan 18 07:00:36 EST 1970,1156.5569974083273
,-1,9949.62,10089.354000000001,1.3044154450119756,Sun Jan 18 07:00:40 EST 1970,Sun Jan 18 07:00:41 EST 1970,1171.6433055128884
,1,9953.74,10119.486,1.565163044242671,Sun Jan 18 07:00:42 EST 1970,Sun Jan 18 07:00:43 EST 1970,1189.9814335411195
,-1,9704.67,10103.018999999998,4.004714534342742,Sun Jan 18 07:00:47 EST 1970,Sun Jan 18 07:00:51 EST 1970,1237.6367929661208
,1,10485.02,10908.492,3.9388287289866812,Sun Jan 18 07:02:29 EST 1970,Sun Jan 18 07:03:08 EST 1970,1286.3851865279796
,-1,15661.43,15754.640000000001,0.4951563809945837,Sun Jan 18 07:13:18 EST 1970,Sun Jan 18 07:13:19 EST 1970,1292.7548048632418
,1,16274.09,16192.71955,-0.6,Sun Jan 18 07:13:22 EST 1970,Sun Jan 18 07:13:25 EST 1970,1284.9982760340624
,1,15400.68,16030.203999999998,3.9876376887254312,Sun Jan 18 07:15:46 EST 1970,Sun Jan 18 07:15:47 EST 1970,1336.2393515886688
,-1,16623.43,16751.25,0.6689147185628942,Sun Jan 18 07:19:54 EST 1970,Sun Jan 18 07:19:59 EST 1970,1345.1776532866747
,1,17299.98,17399.98,0.47803535032988487,Sun Jan 18 07:21:52 EST 1970,Sun Jan 18 07:21:59 EST 1970,1351.608077994123
,-1,19144.0,19310.95,0.7720748015043917,Sun Jan 18 07:26:19 EST 1970,Sun Jan 18 07:26:26 EST 1970,1362.0435033794133
,1,15178.55,15936.265,4.892011753428362,Sun Jan 18 07:33:52 EST 1970,Sun Jan 18 07:34:03 EST 1970,1428.6748316515418
,-1,13700.0,14042.999999999998,2.403649635036496,Sun Jan 18 07:35:14 EST 1970,Sun Jan 18 07:35:20 EST 1970,1463.0151690283924
,1,14195.99,15256.329,7.369285340437689,Sun Jan 18 07:37:24 EST 1970,Sun Jan 18 07:37:58 EST 1970,1570.8289314079814
,-1,15171.0,15256.500000000002,0.46357524223848134,Sun Jan 18 07:40:09 EST 1970,Sun Jan 18 07:40:12 EST 1970,1578.1109054319081
,1,14480.0,14753.0,1.7853591160220992,Sun Jan 18 07:42:37 EST 1970,Sun Jan 18 07:42:49 EST 1970,1606.2858523429754
,1,14748.69,14674.94655,-0.6,Sun Jan 18 07:43:08 EST 1970,Sun Jan 18 07:43:11 EST 1970,1596.6481372289177
,-1,14007.99,14104.005,0.5854302437394682,Sun Jan 18 07:43:32 EST 1970,Sun Jan 18 07:43:33 EST 1970,1605.9953983103587
,1,14067.0,13996.664999999999,-0.6,Sun Jan 18 07:45:56 EST 1970,Sun Jan 18 07:46:01 EST 1970,1596.3594259204965
,-1,13239.48,13173.282599999999,-0.6,Sun Jan 18 07:47:11 EST 1970,Sun Jan 18 07:47:16 EST 1970,1586.7812693649735
,1,13416.6,13349.517,-0.6,Sun Jan 18 07:47:42 EST 1970,Sun Jan 18 07:47:47 EST 1970,1577.2605817487836
,-1,13740.01,13830.015,0.555057747410665,Sun Jan 18 07:48:09 EST 1970,Sun Jan 18 07:48:15 EST 1970,1586.0152888046348
,1,13849.99,13780.74005,-0.6,Sun Jan 18 07:48:28 EST 1970,Sun Jan 18 07:48:32 EST 1970,1576.499197071807
,-1,14615.08,14542.0046,-0.6,Sun Jan 18 07:51:16 EST 1970,Sun Jan 18 07:51:26 EST 1970,1567.040201889376
,1,14842.51,14926.255,0.46422397559442363,Sun Jan 18 07:52:05 EST 1970,Sun Jan 18 07:52:06 EST 1970,1574.3147782137498
,-1,16551.43,17108.924000000003,3.268252773325326,Sun Jan 18 07:55:39 EST 1970,Sun Jan 18 07:55:51 EST 1970,1625.767364613591
,1,13750.04,14135.005000000001,2.6997373098550925,Sun Jan 18 08:03:11 EST 1970,Sun Jan 18 08:03:33 EST 1970,1669.658812727512
,-1,13592.96,13699.439999999999,0.6833466735721989,Sun Jan 18 08:05:23 EST 1970,Sun Jan 18 08:05:35 EST 1970,1681.0683706842904
,1,14118.9,14048.3055,-0.6,Sun Jan 18 08:07:14 EST 1970,Sun Jan 18 08:07:17 EST 1970,1670.9819604601846
,-1,12915.1,12850.5245,-0.6,Sun Jan 18 08:07:52 EST 1970,Sun Jan 18 08:07:57 EST 1970,1660.9560686974235
,1,10912.37,11759.881,7.666516347961071,Sun Jan 18 08:11:03 EST 1970,Sun Jan 18 08:11:37 EST 1970,1788.293537236563
,-1,11555.0,11497.225,-0.6,Sun Jan 18 08:13:30 EST 1970,Sun Jan 18 08:13:31 EST 1970,1777.5637760131435
,1,12485.0,12588.645000000002,0.7301561874249134,Sun Jan 18 08:13:46 EST 1970,Sun Jan 18 08:13:48 EST 1970,1790.5427679091274
,-1,12010.01,12227.017000000002,1.706884423909723,Sun Jan 18 08:15:42 EST 1970,Sun Jan 18 08:15:47 EST 1970,1821.1052635180101
,1,10625.17,10794.801,1.496501514799292,Sun Jan 18 08:19:19 EST 1970,Sun Jan 18 08:19:27 EST 1970,1848.358131372647
,-1,10530.02,10620.025000000001,0.7547467146311223,Sun Jan 18 08:22:40 EST 1970,Sun Jan 18 08:22:42 EST 1970,1862.308553643799
,1,11150.0,11094.25,-0.6,Sun Jan 18 08:24:08 EST 1970,Sun Jan 18 08:24:12 EST 1970,1851.1347023219362
,-1,11080.0,11248.0,1.4162454873646206,Sun Jan 18 08:26:53 EST 1970,Sun Jan 18 08:27:11 EST 1970,1877.3513140086113
,1,9353.09,9414.730000000001,0.5590335386487282,Sun Jan 18 08:34:28 EST 1970,Sun Jan 18 08:34:31 EST 1970,1887.8463374921819
,-1,8429.0,8480.475,0.5106892869854118,Sun Jan 18 08:36:01 EST 1970,Sun Jan 18 08:36:03 EST 1970,1897.487366492501
,1,7565.01,7607.92,0.4672166989865163,Sun Jan 18 08:39:22 EST 1970,Sun Jan 18 08:39:23 EST 1970,1906.3527443299133
,-1,7924.99,7885.365049999999,-0.6,Sun Jan 18 08:42:36 EST 1970,Sun Jan 18 08:42:40 EST 1970,1894.914627863934
,1,8357.84,8597.352,2.76571650091411,Sun Jan 18 08:43:14 EST 1970,Sun Jan 18 08:43:29 EST 1970,1947.3225944050018
,-1,8317.64,8373.015,0.5657537474572115,Sun Jan 18 08:45:12 EST 1970,Sun Jan 18 08:45:13 EST 1970,1958.3396449579293
,1,8783.21,8739.29395,-0.6,Sun Jan 18 08:47:04 EST 1970,Sun Jan 18 08:47:15 EST 1970,1946.5896070881818
,-1,8623.63,8580.511849999999,-0.6,Sun Jan 18 08:49:03 EST 1970,Sun Jan 18 08:49:13 EST 1970,1934.9100694456527
,1,8844.99,8800.76505,-0.6,Sun Jan 18 08:49:48 EST 1970,Sun Jan 18 08:50:06 EST 1970,1923.3006090289787
,-1,10649.83,10596.58085,-0.6,Sun Jan 18 08:56:14 EST 1970,Sun Jan 18 08:56:19 EST 1970,1911.7608053748047
,1,10770.01,10716.15995,-0.6,Sun Jan 18 08:56:30 EST 1970,Sun Jan 18 08:56:33 EST 1970,1900.290240542556
,-1,10298.82,10247.3259,-0.6,Sun Jan 18 08:56:38 EST 1970,Sun Jan 18 08:56:40 EST 1970,1888.8884990993006
,1,10950.0,11176.876999999999,1.9719360730593642,Sun Jan 18 08:57:31 EST 1970,Sun Jan 18 08:57:39 EST 1970,1926.1361727929093
,-1,11072.88,11134.414999999999,0.4557271459638311,Sun Jan 18 08:59:57 EST 1970,Sun Jan 18 09:00:05 EST 1970,1934.9140982005551
,1,10224.99,10382.497,1.4404122644618738,Sun Jan 18 09:03:50 EST 1970,Sun Jan 18 09:04:02 EST 1970,1962.7848381778379
,-1,9755.7,9804.84,0.40370552600018783,Sun Jan 18 09:04:47 EST 1970,Sun Jan 18 09:04:49 EST 1970,1970.7087090330558
,1,10134.28,10285.284000000001,1.390031852287479,Sun Jan 18 09:07:30 EST 1970,Sun Jan 18 09:07:35 EST 1970,1998.1021878044187
,-1,10500.0,10447.5,-0.6,Sun Jan 18 09:10:45 EST 1970,Sun Jan 18 09:10:48 EST 1970,1986.1135746775922
,1,10726.59,10970.477,2.173667586809973,Sun Jan 18 09:12:01 EST 1970,Sun Jan 18 09:12:21 EST 1970,2029.2850816875919
,-1,11194.1,11138.129500000001,-0.6,Sun Jan 18 09:16:10 EST 1970,Sun Jan 18 09:16:28 EST 1970,2017.1093711974663
,1,11430.0,11514.505000000001,0.6393263342082249,Sun Jan 18 09:16:52 EST 1970,Sun Jan 18 09:17:07 EST 1970,2030.0052825973137
,-1,11275.83,11601.211000000001,2.785650102919252,Sun Jan 18 09:18:44 EST 1970,Sun Jan 18 09:19:08 EST 1970,2086.5541268412517
,1,9397.0,9350.015,-0.6,Sun Jan 18 09:24:29 EST 1970,Sun Jan 18 09:24:33 EST 1970,2074.0348020802044
,-1,8683.83,8740.744999999999,0.5554135675157156,Sun Jan 18 09:25:31 EST 1970,Sun Jan 18 09:25:35 EST 1970,2085.5542727659554
,1,9630.0,9581.85,-0.6,Sun Jan 18 09:26:36 EST 1970,Sun Jan 18 09:26:39 EST 1970,2073.0409471293597
,-1,9225.0,9280.529999999999,0.5019512195121923,Sun Jan 18 09:28:21 EST 1970,Sun Jan 18 09:28:21 EST 1970,2083.446601444463
,1,8459.6,8529.8,0.7298264693366096,Sun Jan 18 09:33:30 EST 1970,Sun Jan 18 09:33:39 EST 1970,2098.6521462162987
,-1,8258.33,8613.461,4.200276205964159,Sun Jan 18 09:34:40 EST 1970,Sun Jan 18 09:35:21 EST 1970,2186.801332959778
,1,8191.85,8311.277,1.3578758155971986,Sun Jan 18 09:37:12 EST 1970,Sun Jan 18 09:37:17 EST 1970,2216.4953793951963
,-1,8675.0,8820.410999999998,1.5762074927953855,Sun Jan 18 09:42:05 EST 1970,Sun Jan 18 09:42:12 EST 1970,2251.431945642687
,1,8851.82,8903.41,0.4828179967509524,Sun Jan 18 09:44:16 EST 1970,Sun Jan 18 09:44:31 EST 1970,2262.3022642608503
,-1,8565.98,8648.505,0.8634040705208236,Sun Jan 18 09:45:55 EST 1970,Sun Jan 18 09:46:05 EST 1970,2281.8350740979636
,1,7893.96,7945.9800000000005,0.5589848441086601,Sun Jan 18 09:51:00 EST 1970,Sun Jan 18 09:51:20 EST 1970,2294.5901863297267
,1,7141.68,7105.9716,-0.6,Sun Jan 18 09:55:14 EST 1970,Sun Jan 18 09:55:17 EST 1970,2280.8226452117483
,-1,6852.0,7133.4,4.006830122591944,Sun Jan 18 09:56:05 EST 1970,Sun Jan 18 09:56:39 EST 1970,2372.2113340029914
,1,6914.45,7040.968,1.729762309366614,Sun Jan 18 09:57:32 EST 1970,Sun Jan 18 09:57:44 EST 1970,2413.244951557098
,-1,6929.0,6990.6449999999995,0.7896666185596765,Sun Jan 18 10:00:50 EST 1970,Sun Jan 18 10:00:55 EST 1970,2432.3015413636213
,1,6862.43,7003.977000000001,1.9626367044909747,Sun Jan 18 10:04:42 EST 1970,Sun Jan 18 10:05:25 EST 1970,2480.0387841783236
,-1,6742.0,6804.500000000001,0.8270246217739543,Sun Jan 18 10:08:05 EST 1970,Sun Jan 18 10:08:29 EST 1970,2500.5493155530216
,1,6840.0,6900.0,0.7771929824561403,Sun Jan 18 10:10:14 EST 1970,Sun Jan 18 10:11:20 EST 1970,2519.9834093563545
,-1,7985.99,8025.990000000001,0.4008771611284262,Sun Jan 18 10:18:01 EST 1970,Sun Jan 18 10:18:09 EST 1970,2530.0854473086893
,1,8085.01,8044.58495,-0.6,Sun Jan 18 10:20:58 EST 1970,Sun Jan 18 10:21:03 EST 1970,2514.904934624837
,-1,8911.98,8957.470000000001,0.4104365135469311,Sun Jan 18 10:31:10 EST 1970,Sun Jan 18 10:31:11 EST 1970,2525.227022757531
,1,9223.64,9296.32,0.6879752462151634,Sun Jan 18 10:33:18 EST 1970,Sun Jan 18 10:33:54 EST 1970,2542.599959584839
,-1,9142.2,9096.489000000001,-0.6,Sun Jan 18 10:34:59 EST 1970,Sun Jan 18 10:35:07 EST 1970,2527.3443598273298
,-1,9170.87,9125.015650000001,-0.6,Sun Jan 18 10:37:58 EST 1970,Sun Jan 18 10:38:05 EST 1970,2512.1802936683657
,1,9138.0,9092.31,-0.6,Sun Jan 18 10:41:02 EST 1970,Sun Jan 18 10:41:06 EST 1970,2497.1072119063556
,-1,9559.69,9639.535,0.735225828452599,Sun Jan 18 10:46:35 EST 1970,Sun Jan 18 10:46:38 EST 1970,2515.466589092444
,1,9276.5,9331.41,0.49192583409690993,Sun Jan 18 10:51:37 EST 1970,Sun Jan 18 10:52:31 EST 1970,2527.840819092266
,-1,9081.11,9224.687000000002,1.4810512151047655,Sun Jan 18 10:53:14 EST 1970,Sun Jan 18 10:53:21 EST 1970,2565.279436259346
,1,8581.0,8635.5,0.5351241114089268,Sun Jan 18 10:56:55 EST 1970,Sun Jan 18 10:57:13 EST 1970,2579.0068650477847
,-1,8405.64,8363.611799999999,-0.6,Sun Jan 18 10:58:14 EST 1970,Sun Jan 18 10:58:26 EST 1970,2563.532823857498
,1,8740.06,8810.035,0.7006237943446656,Sun Jan 18 10:58:40 EST 1970,Sun Jan 18 10:58:55 EST 1970,2581.493544797279
,-1,8537.25,8840.994,3.4578669946411313,Sun Jan 18 11:00:18 EST 1970,Sun Jan 18 11:01:05 EST 1970,2670.7581580516153
,1,8249.77,8208.52115,-0.6,Sun Jan 18 11:04:58 EST 1970,Sun Jan 18 11:05:15 EST 1970,2654.7336091033058
,-1,8363.4,8413.599999999999,0.5002343544491453,Sun Jan 18 11:09:09 EST 1970,Sun Jan 18 11:09:29 EST 1970,2668.013498635148
,1,7530.0,7578.9,0.5494023904382482,Sun Jan 18 11:15:48 EST 1970,Sun Jan 18 11:16:10 EST 1970,2682.6716285738653
,-1,7257.11,7220.82445,-0.6,Sun Jan 18 11:16:21 EST 1970,Sun Jan 18 11:16:27 EST 1970,2666.575598802422
,1,7425.0,7474.995,0.5733333333333319,Sun Jan 18 11:20:11 EST 1970,Sun Jan 18 11:20:20 EST 1970,2681.8639655688894
,-1,7349.66,7312.9117,-0.6,Sun Jan 18 11:22:11 EST 1970,Sun Jan 18 11:22:22 EST 1970,2665.7727817754762
,1,7573.88,7536.0106000000005,-0.6,Sun Jan 18 11:22:31 EST 1970,Sun Jan 18 11:22:35 EST 1970,2649.7781450848233
,-1,7441.52,7404.312400000001,-0.6,Sun Jan 18 11:24:41 EST 1970,Sun Jan 18 11:24:52 EST 1970,2633.8794762143143
,1,7654.01,7615.73995,-0.6,Sun Jan 18 11:25:28 EST 1970,Sun Jan 18 11:25:56 EST 1970,2618.0761993570286
,-1,7611.0,7725.3730000000005,1.4027328866114863,Sun Jan 18 11:28:27 EST 1970,Sun Jan 18 11:28:58 EST 1970,2654.8008152019574
,1,7612.51,7574.447450000001,-0.6,Sun Jan 18 11:30:42 EST 1970,Sun Jan 18 11:31:42 EST 1970,2638.8720103107457
,-1,7636.0,7685.709999999999,0.5509952854897857,Sun Jan 18 11:34:08 EST 1970,Sun Jan 18 11:34:33 EST 1970,2653.4120706776675
,1,7630.66,7592.5067,-0.6,Sun Jan 18 11:35:44 EST 1970,Sun Jan 18 11:36:03 EST 1970,2637.4915982536018
,1,6760.0,6726.2,-0.6,Sun Jan 18 11:40:14 EST 1970,Sun Jan 18 11:40:27 EST 1970,2621.66664866408
,-1,6519.0,6553.5,0.4292222733548091,Sun Jan 18 11:40:30 EST 1970,Sun Jan 18 11:40:32 EST 1970,2632.9194258532607
,1,6612.18,6708.654,1.359034690525663,Sun Jan 18 11:43:18 EST 1970,Sun Jan 18 11:43:20 EST 1970,2668.7017142241957
,-1,6407.0,6374.965,-0.6,Sun Jan 18 11:45:05 EST 1970,Sun Jan 18 11:45:16 EST 1970,2652.6895039388505
,1,6525.26,6492.6337,-0.6,Sun Jan 18 11:46:46 EST 1970,Sun Jan 18 11:47:19 EST 1970,2636.7733669152176
,-1,6422.2,6390.089,-0.6,Sun Jan 18 11:48:08 EST 1970,Sun Jan 18 11:48:31 EST 1970,2620.9527267137264
,1,6734.03,6700.35985,-0.6,Sun Jan 18 11:49:06 EST 1970,Sun Jan 18 11:49:11 EST 1970,2605.2270103534443
,-1,6630.01,6596.85995,-0.6,Sun Jan 18 11:51:25 EST 1970,Sun Jan 18 11:51:41 EST 1970,2589.5956482913234
,1,6735.66,6701.9817,-0.6,Sun Jan 18 11:52:04 EST 1970,Sun Jan 18 11:53:51 EST 1970,2574.0580744015756
,-1,6664.99,7185.6359999999995,7.711654631139728,Sun Jan 18 11:53:57 EST 1970,Sun Jan 18 11:55:28 EST 1970,2772.5605431043905
,1,6169.5,6138.6525,-0.6,Sun Jan 18 11:58:07 EST 1970,Sun Jan 18 11:58:14 EST 1970,2755.925179845764
,-1,6170.01,6205.015,0.4673410577940734,Sun Jan 18 12:00:38 EST 1970,Sun Jan 18 12:00:52 EST 1970,2768.804749733268
,1,6429.0,6396.855,-0.6,Sun Jan 18 12:05:24 EST 1970,Sun Jan 18 12:05:31 EST 1970,2752.1919212348685
,-1,6367.85,6416.7699999999995,0.6682341763703615,Sun Jan 18 12:08:03 EST 1970,Sun Jan 18 12:08:38 EST 1970,2770.583008251864
,1,6595.52,6632.755,0.4645498762796515,Sun Jan 18 12:09:00 EST 1970,Sun Jan 18 12:09:20 EST 1970,2783.453748188923
,-1,6469.0,6436.655,-0.6,Sun Jan 18 12:11:19 EST 1970,Sun Jan 18 12:11:32 EST 1970,2766.7530256997893
,1,6683.17,6649.75415,-0.6,Sun Jan 18 12:12:07 EST 1970,Sun Jan 18 12:12:25 EST 1970,2750.1525075455907
,-1,6497.07,6464.58465,-0.6,Sun Jan 18 12:13:45 EST 1970,Sun Jan 18 12:13:53 EST 1970,2733.6515925003173
,1,6597.33,6564.34335,-0.6,Sun Jan 18 12:15:18 EST 1970,Sun Jan 18 12:15:27 EST 1970,2717.2496829453153
,-1,6560.31,6527.50845,-0.6,Sun Jan 18 12:16:42 EST 1970,Sun Jan 18 12:16:46 EST 1970,2700.9461848476435
,-1,6702.0,6740.5,0.4744553864518055,Sun Jan 18 12:19:28 EST 1970,Sun Jan 18 12:19:42 EST 1970,2713.7609695068177
,1,6247.76,6216.5212,-0.6,Sun Jan 18 12:25:28 EST 1970,Sun Jan 18 12:25:39 EST 1970,2697.4784036897768
,-1,7316.75,7372.965,0.6683056001640093,Sun Jan 18 12:35:31 EST 1970,Sun Jan 18 12:35:39 EST 1970,2715.50580292485
,1,7407.34,7520.984999999999,1.4342214614152935,Sun Jan 18 12:36:55 EST 1970,Sun Jan 18 12:38:15 EST 1970,2754.452169936376
,-1,8180.49,8139.58755,-0.6,Sun Jan 18 12:42:53 EST 1970,Sun Jan 18 12:43:07 EST 1970,2737.9254569167574
,1,8251.83,8210.57085,-0.6,Sun Jan 18 12:43:15 EST 1970,Sun Jan 18 12:43:28 EST 1970,2721.4979041752567
,1,8184.21,8143.28895,-0.6,Sun Jan 18 12:45:35 EST 1970,Sun Jan 18 12:46:30 EST 1970,2705.168916750205
,-1,8185.0,8144.075,-0.6,Sun Jan 18 12:48:01 EST 1970,Sun Jan 18 12:48:27 EST 1970,2688.9379032497036
,-1,8136.33,8336.761,2.363407949284259,Sun Jan 18 12:48:53 EST 1970,Sun Jan 18 12:49:36 EST 1970,2752.4884754064246
,1,6985.77,6950.84115,-0.6,Sun Jan 18 12:59:06 EST 1970,Sun Jan 18 12:59:21 EST 1970,2735.973544553986
,-1,6984.49,7026.97,0.508204750812157,Sun Jan 18 12:59:29 EST 1970,Sun Jan 18 12:59:45 EST 1970,2749.877892088373
,1,7129.28,7093.6336,-0.6,Sun Jan 18 13:00:46 EST 1970,Sun Jan 18 13:00:50 EST 1970,2733.3786247358425
,-1,6592.02,6729.934000000001,1.9921356427923502,Sun Jan 18 13:01:26 EST 1970,Sun Jan 18 13:01:47 EST 1970,2787.8312345716727
,1,6600.69,6567.686549999999,-0.6,Sun Jan 18 13:04:13 EST 1970,Sun Jan 18 13:04:18 EST 1970,2771.1042471642427
,-1,6124.5,6185.25,0.8919177075679648,Sun Jan 18 13:05:45 EST 1970,Sun Jan 18 13:06:04 EST 1970,2795.8202166398682
,1,6291.93,6338.69,0.643174192974171,Sun Jan 18 13:07:19 EST 1970,Sun Jan 18 13:07:38 EST 1970,2813.8022107552506
,-1,6270.88,6530.496,4.040025004465084,Sun Jan 18 13:09:58 EST 1970,Sun Jan 18 13:10:24 EST 1970,2927.480523645954
,1,6325.95,6440.785,1.7153004687043072,Sun Jan 18 13:11:55 EST 1970,Sun Jan 18 13:11:59 EST 1970,2977.6956107892806
,-1,6328.8,6297.156,-0.6,Sun Jan 18 13:14:25 EST 1970,Sun Jan 18 13:14:33 EST 1970,2959.8294371245447
,1,6520.0,6487.4,-0.6,Sun Jan 18 13:14:49 EST 1970,Sun Jan 18 13:14:53 EST 1970,2942.0704605017972
,-1,6336.71,6305.02645,-0.6,Sun Jan 18 13:16:53 EST 1970,Sun Jan 18 13:16:57 EST 1970,2924.4180377387866
,1,6496.38,6463.8981,-0.6,Sun Jan 18 13:18:45 EST 1970,Sun Jan 18 13:19:07 EST 1970,2906.871529512354
,-1,6274.04,6242.6698,-0.6,Sun Jan 18 13:20:09 EST 1970,Sun Jan 18 13:20:15 EST 1970,2889.4303003352798
,1,6423.79,6750.592000000001,4.987370539821504,Sun Jan 18 13:21:15 EST 1970,Sun Jan 18 13:21:44 EST 1970,3033.5368959028774
,-1,6374.75,6342.87625,-0.6,Sun Jan 18 13:23:02 EST 1970,Sun Jan 18 13:23:07 EST 1970,3015.33567452746
,1,6520.0,6709.0,2.7987730061349687,Sun Jan 18 13:24:54 EST 1970,Sun Jan 18 13:26:19 EST 1970,3099.728075430492
,-1,6703.01,6739.515,0.44460607995512635,Sun Jan 18 13:28:03 EST 1970,Sun Jan 18 13:28:29 EST 1970,3113.509654915932
,1,6712.47,7003.340999999999,4.233293109689873,Sun Jan 18 13:29:13 EST 1970,Sun Jan 18 13:32:38 EST 1970,3245.313644607017
,-1,7008.67,7046.450000000001,0.43904663794985643,Sun Jan 18 13:33:18 EST 1970,Sun Jan 18 13:33:30 EST 1970,3259.562085054592
,1,6975.0,7032.73,0.7276702508960575,Sun Jan 18 13:35:29 EST 1970,Sun Jan 18 13:35:50 EST 1970,3283.280948657022
,-1,7000.0,7113.638000000001,1.5234000000000012,Sun Jan 18 13:42:29 EST 1970,Sun Jan 18 13:42:48 EST 1970,3333.2984506288626
,1,6377.76,6345.8712000000005,-0.6,Sun Jan 18 13:48:39 EST 1970,Sun Jan 18 13:48:51 EST 1970,3313.2986599250894
,-1,6310.0,6345.57,0.4637083993660882,Sun Jan 18 13:49:21 EST 1970,Sun Jan 18 13:49:32 EST 1970,3328.662704107246
,1,6290.0,6347.5,0.8141494435612083,Sun Jan 18 13:49:44 EST 1970,Sun Jan 18 13:50:39 EST 1970,3355.7629929907653
,-1,6214.89,6183.81555,-0.6,Sun Jan 18 13:51:17 EST 1970,Sun Jan 18 13:51:21 EST 1970,3335.6284150328206
,1,6327.5,6380.75,0.7415645989727381,Sun Jan 18 13:53:15 EST 1970,Sun Jan 18 13:53:40 EST 1970,3360.3642545119797
,-1,6470.82,6438.465899999999,-0.6,Sun Jan 18 13:57:56 EST 1970,Sun Jan 18 13:59:03 EST 1970,3340.202068984908
,1,6341.22,6309.5139,-0.6,Sun Jan 18 14:02:16 EST 1970,Sun Jan 18 14:02:37 EST 1970,3320.1608565709985
,-1,6704.02,6670.499900000001,-0.6,Sun Jan 18 14:08:07 EST 1970,Sun Jan 18 14:08:15 EST 1970,3300.2398914315727
,1,6755.0,6721.225,-0.6,Sun Jan 18 14:08:21 EST 1970,Sun Jan 18 14:08:34 EST 1970,3280.438452082983
,-1,6671.51,6638.1524500000005,-0.6,Sun Jan 18 14:08:55 EST 1970,Sun Jan 18 14:09:13 EST 1970,3260.755821370485
,1,6525.97,6493.34015,-0.6,Sun Jan 18 14:12:58 EST 1970,Sun Jan 18 14:13:10 EST 1970,3241.191286442262
,-1,6492.13,6459.66935,-0.6,Sun Jan 18 14:16:36 EST 1970,Sun Jan 18 14:16:48 EST 1970,3221.7441387236086
,1,6609.56,6576.5122,-0.6,Sun Jan 18 14:18:32 EST 1970,Sun Jan 18 14:18:58 EST 1970,3202.413673891267
,-1,6527.01,6494.37495,-0.6,Sun Jan 18 14:20:09 EST 1970,Sun Jan 18 14:20:18 EST 1970,3183.1991918479193
,1,6552.99,6596.995,0.571525517359253,Sun Jan 18 14:23:53 EST 1970,Sun Jan 18 14:26:18 EST 1970,3201.391987497704
,-1,6544.01,6511.28995,-0.6,Sun Jan 18 14:27:36 EST 1970,Sun Jan 18 14:29:56 EST 1970,3182.183635572718
,-1,6587.53,6686.965,1.4094428412470246,Sun Jan 18 14:31:50 EST 1970,Sun Jan 18 14:32:42 EST 1970,3227.0346950196317
,1,6204.99,6246.72,0.5725232433895948,Sun Jan 18 14:36:35 EST 1970,Sun Jan 18 14:38:20 EST 1970,3245.5102187208654
,-1,6444.0,6488.499999999999,0.5905648665425202,Sun Jan 18 14:43:18 EST 1970,Sun Jan 18 14:44:46 EST 1970,3264.677061812678
,1,6406.23,6374.19885,-0.6,Sun Jan 18 14:47:20 EST 1970,Sun Jan 18 14:51:36 EST 1970,3245.0889994418017
,1,6445.37,6413.14315,-0.6,Sun Jan 18 14:52:37 EST 1970,Sun Jan 18 14:53:46 EST 1970,3225.618465445151
,-1,6401.02,6491.033000000001,1.3062290072519707,Sun Jan 18 14:54:15 EST 1970,Sun Jan 18 15:00:13 EST 1970,3267.752429504071
,1,6307.59,6343.18,0.4642408590285695,Sun Jan 18 15:03:25 EST 1970,Sun Jan 18 15:05:51 EST 1970,3282.9226714537276
,-1,6330.0,6298.35,-0.6,Sun Jan 18 15:07:26 EST 1970,Sun Jan 18 15:09:07 EST 1970,3263.225135425005
,-1,6454.61,6487.915,0.4159877978684977,Sun Jan 18 15:14:32 EST 1970,Sun Jan 18 15:15:00 EST 1970,3276.7997538053505
,1,6353.23,6321.463849999999,-0.6,Sun Jan 18 15:18:14 EST 1970,Sun Jan 18 15:19:11 EST 1970,3257.1389552825185
,1,6353.81,6322.0409500000005,-0.6,Sun Jan 18 15:20:11 EST 1970,Sun Jan 18 15:20:49 EST 1970,3237.596121550823
,-1,6327.36,6364.79,0.4915579325342614,Sun Jan 18 15:20:56 EST 1970,Sun Jan 18 15:21:18 EST 1970,3253.5107821097276
,1,5549.4,5521.652999999999,-0.6,Sun Jan 18 15:26:26 EST 1970,Sun Jan 18 15:26:37 EST 1970,3233.989717417069
,-1,5488.73,5461.286349999999,-0.6,Sun Jan 18 15:26:59 EST 1970,Sun Jan 18 15:28:21 EST 1970,3214.585779112567
,1,5535.0,5626.000000000001,1.5440831074977417,Sun Jan 18 15:28:36 EST 1970,Sun Jan 18 15:29:28 EST 1970,3264.2216551038687
,-1,5375.96,5519.705000000001,2.573848019702532,Sun Jan 18 15:30:11 EST 1970,Sun Jan 18 15:30:18 EST 1970,3348.2377595324606
,1,4525.02,4502.3949,-0.6,Sun Jan 18 15:34:16 EST 1970,Sun Jan 18 15:34:39 EST 1970,3328.148332975266
,-1,4412.0,4389.94,-0.6,Sun Jan 18 15:35:17 EST 1970,Sun Jan 18 15:35:21 EST 1970,3308.1794429774145
,1,4022.57,4002.45715,-0.6,Sun Jan 18 15:40:15 EST 1970,Sun Jan 18 15:40:19 EST 1970,3288.33036631955
,-1,3798.95,3967.8319999999994,4.34549151739296,Sun Jan 18 15:41:00 EST 1970,Sun Jan 18 15:41:10 EST 1970,3431.2244834518233
,1,4035.88,4015.7006,-0.6,Sun Jan 18 15:43:00 EST 1970,Sun Jan 18 15:43:03 EST 1970,3410.6371365511122
,-1,3960.01,4023.7170000000006,1.5087585637410046,Sun Jan 18 15:46:16 EST 1970,Sun Jan 18 15:46:22 EST 1970,3462.095416426958
,1,4235.99,4214.81005,-0.6,Sun Jan 18 15:48:08 EST 1970,Sun Jan 18 15:48:16 EST 1970,3441.322843928396
,-1,3955.8,3982.1349999999998,0.56573133120987,Sun Jan 18 15:50:04 EST 1970,Sun Jan 18 15:50:06 EST 1970,3460.791485464582
,1,3909.3,3889.7535000000003,-0.6,Sun Jan 18 15:52:29 EST 1970,Sun Jan 18 15:52:37 EST 1970,3440.0267365517943
,-1,3845.0,3865.255,0.4267880364109261,Sun Jan 18 15:52:56 EST 1970,Sun Jan 18 15:53:06 EST 1970,3454.7083591127343
,1,3424.59,3407.46705,-0.6,Sun Jan 18 15:58:57 EST 1970,Sun Jan 18 15:59:02 EST 1970,3433.980108958058
,-1,3382.36,3365.4482000000003,-0.6,Sun Jan 18 16:01:09 EST 1970,Sun Jan 18 16:01:16 EST 1970,3413.3762283043093
,1,3394.99,3458.809,1.779799351397207,Sun Jan 18 16:03:46 EST 1970,Sun Jan 18 16:03:54 EST 1970,3474.1274762764156
,-1,3397.65,3533.6809999999996,3.9036790134357555,Sun Jan 18 16:05:04 EST 1970,Sun Jan 18 16:05:47 EST 1970,3609.7462614678234
,1,3234.2,3218.029,-0.6,Sun Jan 18 16:09:03 EST 1970,Sun Jan 18 16:09:07 EST 1970,3588.0877838990164
,-1,3836.91,3860.2849999999994,0.5092141853731258,Sun Jan 18 16:17:14 EST 1970,Sun Jan 18 16:17:38 EST 1970,3606.3588358782704
,1,4017.84,3997.7508000000003,-0.6,Sun Jan 18 16:18:57 EST 1970,Sun Jan 18 16:19:03 EST 1970,3584.7206828630005
,-1,3824.45,3909.4649999999997,2.1229340166559862,Sun Jan 18 16:21:42 EST 1970,Sun Jan 18 16:21:51 EST 1970,3660.8219376416014
,1,3740.01,3721.3099500000003,-0.6,Sun Jan 18 16:24:42 EST 1970,Sun Jan 18 16:25:38 EST 1970,3638.8570060157517
,1,3886.0,3905.5000000000005,0.4018013381369018,Sun Jan 18 16:27:07 EST 1970,Sun Jan 18 16:27:14 EST 1970,3653.4779821588113
,-1,3756.93,3738.14535,-0.6,Sun Jan 18 16:29:11 EST 1970,Sun Jan 18 16:29:20 EST 1970,3631.557114265858
,1,3801.0,3827.0000000000005,0.584030518284662,Sun Jan 18 16:33:17 EST 1970,Sun Jan 18 16:34:03 EST 1970,3652.7665161021087
,-1,3788.95,3818.425,0.6779200042228035,Sun Jan 18 16:35:47 EST 1970,Sun Jan 18 16:37:00 EST 1970,3677.529351022317
,1,3849.0,3829.755,-0.6,Sun Jan 18 16:37:42 EST 1970,Sun Jan 18 16:37:54 EST 1970,3655.464174916183
,-1,3799.79,3780.79105,-0.6,Sun Jan 18 16:39:16 EST 1970,Sun Jan 18 16:39:31 EST 1970,3633.531389866686
,1,4050.01,4029.75995,-0.6,Sun Jan 18 16:39:55 EST 1970,Sun Jan 18 16:40:52 EST 1970,3611.730201527486
,-1,4034.0,4013.83,-0.6,Sun Jan 18 16:42:33 EST 1970,Sun Jan 18 16:42:36 EST 1970,3590.059820318321
,1,4061.72,4088.2599999999998,0.5534177639029818,Sun Jan 18 16:42:37 EST 1970,Sun Jan 18 16:42:42 EST 1970,3609.927849098706
,-1,4005.02,4026.47,0.435577849798504,Sun Jan 18 16:42:48 EST 1970,Sun Jan 18 16:43:16 EST 1970,3625.6518952030874
,-1,4016.57,4391.090999999999,9.22439867847442,Sun Jan 18 16:43:21 EST 1970,Sun Jan 18 16:51:20 EST 1970,3960.0964807102837
,1,3683.0,3664.585,-0.6,Sun Jan 18 16:51:33 EST 1970,Sun Jan 18 16:51:41 EST 1970,3936.335901826022
,-1,3583.3,3565.3835000000004,-0.6,Sun Jan 18 16:53:24 EST 1970,Sun Jan 18 16:53:33 EST 1970,3912.717886415066
,1,3626.44,3608.3078,-0.6,Sun Jan 18 16:55:55 EST 1970,Sun Jan 18 16:56:54 EST 1970,3889.2415790965756
,-1,3617.58,3599.4921,-0.6,Sun Jan 18 16:57:29 EST 1970,Sun Jan 18 16:58:12 EST 1970,3865.906129621996
,-1,3526.0,3508.37,-0.6,Sun Jan 18 16:59:53 EST 1970,Sun Jan 18 17:00:23 EST 1970,3842.710692844264
,1,3565.0,3588.2500000000005,0.5521739130434783,Sun Jan 18 17:02:50 EST 1970,Sun Jan 18 17:03:05 EST 1970,3863.9291388438824
,-1,3544.39,3526.6680499999998,-0.6,Sun Jan 18 17:04:53 EST 1970,Sun Jan 18 17:05:34 EST 1970,3840.745564010819
,1,3566.64,3548.8068,-0.6,Sun Jan 18 17:06:09 EST 1970,Sun Jan 18 17:06:51 EST 1970,3817.701090626754
,-1,3544.99,3527.26505,-0.6,Sun Jan 18 17:07:03 EST 1970,Sun Jan 18 17:07:52 EST 1970,3794.7948840829936
,-1,3554.41,3574.86,0.47534161787750484,Sun Jan 18 17:09:07 EST 1970,Sun Jan 18 17:09:48 EST 1970,3812.8331234801262
,1,3416.87,3438.14,0.5224995390518218,Sun Jan 18 17:14:07 EST 1970,Sun Jan 18 17:14:18 EST 1970,3832.7551589751247
,-1,3410.0,3430.19,0.4920821114369517,Sun Jan 18 17:15:54 EST 1970,Sun Jan 18 17:16:32 EST 1970,3851.6154614876177
,1,3443.51,3426.2924500000004,-0.6,Sun Jan 18 17:17:30 EST 1970,Sun Jan 18 17:18:05 EST 1970,3828.505768718692
,-1,3429.99,3451.7599999999993,0.5346957279758828,Sun Jan 18 17:19:58 EST 1970,Sun Jan 18 17:20:35 EST 1970,3848.976625509341
,1,3422.0,3404.89,-0.6,Sun Jan 18 17:22:48 EST 1970,Sun Jan 18 17:23:36 EST 1970,3825.8827657562847
,-1,3375.0,3392.0999999999995,0.40666666666666396,Sun Jan 18 17:23:41 EST 1970,Sun Jan 18 17:24:27 EST 1970,3841.4413556703603
,1,3393.15,3615.645,6.457181380133503,Sun Jan 18 17:27:06 EST 1970,Sun Jan 18 17:27:41 EST 1970,4089.4901916174554
,-1,3597.0,3579.015,-0.6,Sun Jan 18 17:30:14 EST 1970,Sun Jan 18 17:30:37 EST 1970,4064.9532504677504
,1,3594.2,3576.229,-0.6,Sun Jan 18 17:33:42 EST 1970,Sun Jan 18 17:34:19 EST 1970,4040.5635309649438
,-1,3573.93,3593.3450000000003,0.44323951504366244,Sun Jan 18 17:34:34 EST 1970,Sun Jan 18 17:35:42 EST 1970,4058.4729051646236
,1,3581.92,3601.07,0.4346294724616927,Sun Jan 18 17:37:07 EST 1970,Sun Jan 18 17:37:21 EST 1970,4076.112224542341
,-1,3567.9,3550.0605,-0.6,Sun Jan 18 17:37:44 EST 1970,Sun Jan 18 17:38:10 EST 1970,4051.6555511950874
,1,3587.51,3648.753,1.6071171927046848,Sun Jan 18 17:38:11 EST 1970,Sun Jan 18 17:39:59 EST 1970,4116.770404147517
,-1,3575.0,3557.125,-0.6,Sun Jan 18 17:40:27 EST 1970,Sun Jan 18 17:40:41 EST 1970,4092.069781722632
,1,3645.12,3669.3999999999996,0.5660960407339121,Sun Jan 18 17:40:54 EST 1970,Sun Jan 18 17:41:06 EST 1970,4115.2348267410325
,-1,3901.99,3882.4800499999997,-0.6,Sun Jan 18 17:45:58 EST 1970,Sun Jan 18 17:47:08 EST 1970,4090.5434177805864
,1,3925.0,4109.653,4.604535031847133,Sun Jan 18 17:47:16 EST 1970,Sun Jan 18 17:50:15 EST 1970,4278.893922445211
,-1,3773.01,3794.515,0.46996933482816394,Sun Jan 18 17:50:33 EST 1970,Sun Jan 18 17:50:55 EST 1970,4299.003411750529
,1,3808.29,3789.24855,-0.6,Sun Jan 18 17:53:14 EST 1970,Sun Jan 18 17:53:49 EST 1970,4273.2093912800265
,-1,3799.2,3900.1399999999994,2.5568751316066507,Sun Jan 18 17:53:56 EST 1970,Sun Jan 18 17:55:00 EST 1970,4382.470019527145
,1,3827.13,3885.1390000000006,1.4157311092123843,Sun Jan 18 17:55:46 EST 1970,Sun Jan 18 17:56:08 EST 1970,4444.514010945497
,-1,3803.14,3784.1243,-0.6,Sun Jan 18 17:56:53 EST 1970,Sun Jan 18 17:57:37 EST 1970,4417.8469268798235
,-1,3780.2,3761.299,-0.6,Sun Jan 18 17:58:34 EST 1970,Sun Jan 18 17:58:38 EST 1970,4391.339845318545
,1,3825.01,3850.83,0.5750309149518547,Sun Jan 18 18:03:20 EST 1970,Sun Jan 18 18:03:25 EST 1970,4416.591407009725
,-1,3851.0,3831.745,-0.6,Sun Jan 18 18:08:25 EST 1970,Sun Jan 18 18:08:32 EST 1970,4390.091858567666
,1,3897.15,3917.075,0.41127105705451306,Sun Jan 18 18:08:50 EST 1970,Sun Jan 18 18:08:58 EST 1970,4408.147035760062
,-1,3886.01,3866.5799500000003,-0.6,Sun Jan 18 18:10:39 EST 1970,Sun Jan 18 18:10:59 EST 1970,4381.698153545502
,-1,3904.61,3933.9850000000006,0.6523158522874244,Sun Jan 18 18:11:06 EST 1970,Sun Jan 18 18:11:27 EST 1970,4410.280665200464
,1,3865.02,3845.6949,-0.6,Sun Jan 18 18:13:41 EST 1970,Sun Jan 18 18:14:32 EST 1970,4383.8189812092605
,-1,3853.5,3890.61,0.8630206305955599,Sun Jan 18 18:15:09 EST 1970,Sun Jan 18 18:16:13 EST 1970,4421.65224342506
,1,3865.58,3985.9030000000002,3.0126764935662926,Sun Jan 18 18:16:51 EST 1970,Sun Jan 18 18:18:59 EST 1970,4554.862321189973
,-1,3977.99,3958.1000499999996,-0.6,Sun Jan 18 18:21:08 EST 1970,Sun Jan 18 18:21:12 EST 1970,4527.533147262833
,-1,3963.94,3944.1203,-0.6,Sun Jan 18 18:21:56 EST 1970,Sun Jan 18 18:23:33 EST 1970,4500.367948379256
,1,3994.47,4025.4,0.6743204980886092,Sun Jan 18 18:23:36 EST 1970,Sun Jan 18 18:26:15 EST 1970,4530.714851944586
,-1,3969.01,3949.1649500000003,-0.6,Sun Jan 18 18:26:36 EST 1970,Sun Jan 18 18:27:45 EST 1970,4503.530562832919
,1,3990.02,3970.0699,-0.6,Sun Jan 18 18:28:53 EST 1970,Sun Jan 18 18:29:11 EST 1970,4476.509379455922
,-1,3971.02,4050.134,1.8922840982921258,Sun Jan 18 18:29:25 EST 1970,Sun Jan 18 18:32:22 EST 1970,4561.217654601921
,1,3972.38,4004.0900000000006,0.6982619991038127,Sun Jan 18 18:34:20 EST 1970,Sun Jan 18 18:35:46 EST 1970,4593.06690418042
,-1,4861.06,4902.590000000001,0.7543404113506148,Sun Jan 18 18:46:43 EST 1970,Sun Jan 18 18:46:49 EST 1970,4627.714263959024
,1,5014.0,5040.295,0.42443159154367915,Sun Jan 18 18:48:13 EST 1970,Sun Jan 18 18:48:16 EST 1970,4647.355745261639
,-1,5226.12,5264.179999999999,0.628264946078543,Sun Jan 18 18:53:42 EST 1970,Sun Jan 18 18:54:11 EST 1970,4676.553452328685
,1,5255.08,5418.124,3.00259786720659,Sun Jan 18 18:54:43 EST 1970,Sun Jan 18 18:55:23 EST 1970,4816.971546547082
,-1,5089.71,5175.439,1.5843592267535904,Sun Jan 18 18:56:17 EST 1970,Sun Jan 18 18:56:23 EST 1970,4893.289679694896
,1,5104.2,5078.679,-0.6,Sun Jan 18 18:58:56 EST 1970,Sun Jan 18 18:59:04 EST 1970,4863.929941616727
,-1,5047.42,5022.1829,-0.6,Sun Jan 18 19:00:20 EST 1970,Sun Jan 18 19:00:48 EST 1970,4834.746361967026
,1,5088.58,5160.407,1.3115332764739822,Sun Jan 18 19:01:11 EST 1970,Sun Jan 18 19:01:29 EST 1970,4898.155669337339
,-1,5029.99,5004.84005,-0.6,Sun Jan 18 19:02:45 EST 1970,Sun Jan 18 19:03:09 EST 1970,4868.766735321315
,1,5205.0,5238.66,0.5466858789625332,Sun Jan 18 19:04:09 EST 1970,Sun Jan 18 19:04:22 EST 1970,4895.383595542941
,-1,5257.48,5231.192599999999,-0.6,Sun Jan 18 19:07:54 EST 1970,Sun Jan 18 19:08:10 EST 1970,4866.011293969684
,-1,5265.07,5238.74465,-0.6,Sun Jan 18 19:10:53 EST 1970,Sun Jan 18 19:11:30 EST 1970,4836.815226205866
,1,5309.98,5401.582,1.6250912432815265,Sun Jan 18 19:12:27 EST 1970,Sun Jan 18 19:12:40 EST 1970,4915.417886900645
,-1,5438.01,5470.015,0.4885424999218484,Sun Jan 18 19:15:24 EST 1970,Sun Jan 18 19:15:33 EST 1970,4939.431792326915
,1,5201.14,5175.134300000001,-0.6,Sun Jan 18 19:20:00 EST 1970,Sun Jan 18 19:20:08 EST 1970,4909.795201572953
,-1,5146.1,5120.369500000001,-0.6,Sun Jan 18 19:21:34 EST 1970,Sun Jan 18 19:21:44 EST 1970,4880.336430363515
,1,5195.45,5238.58,0.7301494576985653,Sun Jan 18 19:23:49 EST 1970,Sun Jan 18 19:24:06 EST 1970,4915.97018034368
,-1,5615.7,5587.6215,-0.6,Sun Jan 18 19:31:47 EST 1970,Sun Jan 18 19:31:58 EST 1970,4886.474359261618
,1,5770.78,5907.692999999999,2.272521565542268,Sun Jan 18 19:33:11 EST 1970,Sun Jan 18 19:33:19 EST 1970,4997.520542870531
,-1,7025.79,6990.66105,-0.6,Sun Jan 18 19:41:54 EST 1970,Sun Jan 18 19:42:03 EST 1970,4967.5354196133085
,1,7343.04,7939.412,8.021595415522727,Sun Jan 18 19:42:31 EST 1970,Sun Jan 18 19:43:08 EST 1970,5366.011013097477
,-1,7858.99,7819.695049999999,-0.6,Sun Jan 18 19:46:54 EST 1970,Sun Jan 18 19:46:56 EST 1970,5333.814947018892
,1,7292.9,8008.37,9.710500623894477,Sun Jan 18 19:50:26 EST 1970,Sun Jan 18 19:51:53 EST 1970,5851.755080726538
,-1,7845.83,7806.60085,-0.6,Sun Jan 18 19:53:00 EST 1970,Sun Jan 18 19:53:05 EST 1970,5816.644550242178
,1,7971.66,7931.8017,-0.6,Sun Jan 18 19:53:46 EST 1970,Sun Jan 18 19:53:58 EST 1970,5781.744682940725
,1,8000.0,8056.495,0.6061874999999987,Sun Jan 18 19:54:22 EST 1970,Sun Jan 18 19:54:34 EST 1970,5816.792896490626
,-1,7822.02,7782.909900000001,-0.6,Sun Jan 18 19:55:30 EST 1970,Sun Jan 18 19:55:34 EST 1970,5781.892139111682
,1,7877.29,7837.90355,-0.6,Sun Jan 18 19:57:38 EST 1970,Sun Jan 18 19:57:54 EST 1970,5747.2007862770115
,-1,7988.69,8042.1849999999995,0.5696341953436658,Sun Jan 18 20:00:59 EST 1970,Sun Jan 18 20:01:12 EST 1970,5779.938807230705
,1,8733.34,8689.6733,-0.6,Sun Jan 18 20:01:41 EST 1970,Sun Jan 18 20:01:43 EST 1970,5745.259174387321
,0.0,0.0,0.0,-0.05302419780832324,0.0,994.0,0.0,0.0
